<?xml version='1.0' encoding='utf-8'?>
<Books Count="4" Date="20220118" Filename="20220118165209.xml" Time="16:52:09"><Book><id>123</id><title>Catch 22</title><publicationYear>1961</publicationYear><author>Joseph Heller</author></Book><Book><id>451</id><title>War and Peace </title><publicationYear>1865</publicationYear><author>Leo Tolstoy</author></Book><Book><id>129</id><title>Dune</title><publicationYear>1965</publicationYear><author>Frank Herbert</author></Book><Book><id>311</id><title>Pride and Prejudice</title><publicationYear>1813</publicationYear><author>Jane Austen</author></Book></Books>